{
  "timestamp": "2026-07-23T23:14:53.426381+00:00",
  "python_version": "3.12.13",
  "torch_version": "2.13.0+cu130",
  "hyrax_version": "0.11.dev105+g738109d9c",
  "device": "NVIDIA L40",
  "train_fraction": 1.0,
  "epochs": 10,
  "batch_size": 512,
  "num_workers": 0,
  "lr": 0.01,
  "repeats": 3,
  "hyrax_train_time": 47.742552666769676,
  "hyrax_train_std": 3.449692278152967,
  "hyrax_infer_time": 3.7566404226236045,
  "hyrax_infer_std": 0.8206305336135923,
  "hyrax_accuracy": 0.5269333333333334,
  "pytorch_train_time": 23.53239235638951,
  "pytorch_train_std": 0.1434887906709824,
  "pytorch_infer_time": 0.42209040839225054,
  "pytorch_infer_std": 0.0073041233535473425,
  "pytorch_accuracy": 0.5533333333333332,
  "train_slowdown": 2.028801489611685,
  "infer_slowdown": 8.900084787362761,
  "total_slowdown": 2.1498770645596306
}