{
  "timestamp": "2026-07-20T20:25:02.551537+00:00",
  "python_version": "3.12.13",
  "torch_version": "2.13.0+cu130",
  "hyrax_version": "0.11.dev18+g30ff52d95",
  "device": "NVIDIA L40",
  "train_fraction": 1.0,
  "epochs": 10,
  "batch_size": 512,
  "num_workers": 0,
  "lr": 0.01,
  "repeats": 5,
  "hyrax_train_time": 40.00949533833191,
  "hyrax_train_std": 3.65532946348099,
  "hyrax_infer_time": 2.932999596185982,
  "hyrax_infer_std": 0.33322963222623253,
  "hyrax_accuracy": 0.52654,
  "pytorch_train_time": 20.25200097458437,
  "pytorch_train_std": 0.3078363962795354,
  "pytorch_infer_time": 0.36634801542386414,
  "pytorch_infer_std": 0.01172979080083474,
  "pytorch_accuracy": 0.55294,
  "train_slowdown": 1.975582333249074,
  "infer_slowdown": 8.006047454064971,
  "total_slowdown": 2.0827319857340694
}